"","AsiaPop10k","Foreign10K","IncomeIneq","EuropePop10k","Urban10k","white10k","insured18to35_per10k","insured35to64_per10k","med_age","Death","Fatality_Rate","ConfirmedPer10K","TotalPop","fips","county_name"
"1",322.35330281867,963.779769603047,0.441,138.703014353888,9539.7592106656,6554.66601297358,2391.09541541662,392.689692602252,36.8,0,0,0,538479,"10003","New Castle County"
"2",38.3773341918867,216.355441081777,0.405,35.9304571796523,4581.16338600053,7623.29293973746,2040.19751025802,487.238333681063,37.3,0,0,1,79303,"1051","Elmore County"
"3",123.121513992742,406.979930340746,0.492,34.0532674087245,9016.62348549507,5302.71874326085,2418.89825319315,618.290240097479,37,0,0,0,658466,"1073","Jefferson County"
"4",62.3298649095581,353.117765283537,0.435,23.2782964866309,4239.08579159721,8033.87209779904,2048.51107728308,625.762703335137,38.5,0,0,1,82782,"1083","Limestone County"
"5",155.821031672938,394.486400196476,0.473,37.0146216526765,8950.87699410977,3952.51195702881,2562.9621667137,556.100488648223,34.6,0,0,0,229363,"1101","Montgomery County"
"6",84.3196287387631,331.17224461188,0.488,57.9830192586457,7449.19242150255,6627.2809469012,3303.19737672359,439.833252304159,31.2,0,0,0,194656,"1125","Tuscaloosa County"
"7",388.418281493734,1021.13843772902,0.516,186.737196362698,7880.65627324773,6960.410130349,3781.40806338086,438.771668494541,29.7,0,0,1,247336,"12001","Alachua County"
"8",258.831616150724,3089.87918500189,0.469,278.674316188033,9998.30670009027,6305.43125946046,2119.29770987108,1152.07886442393,39.2,0,0,1,1748066,"12011","Broward County"
"9",96.244941493867,923.80085955391,0.432,298.45970448913,9111.56534023428,9004.92567728063,1176.45566730503,917.726736591119,54.8,0,0,0,159978,"12015","Charlotte County"
"10",193.899266966186,585.19099722694,0.387,113.072078075625,8503.1304848977,8177.87441385272,1980.03779510793,668.174922147401,37.5,0,0,0,190865,"12019","Clay County"
"11",91.4710141955189,2362.40695924349,0.522,369.197080752593,9151.40582234387,8385.04603135108,1691.16002187314,1083.52803738318,45.8,0,0,0,321520,"12021","Collier County"
"12",319.881429213147,899.63361907614,0.45,161.4322078311,9708.85019953417,6086.61946652813,2463.12552075097,753.787762558802,35.4,0,0,0,864263,"12031","Duval County"
"13",252.533668378552,1508.93657580676,0.467,137.414641787115,9648.71390614907,7127.55018198444,2457.26411789931,876.167421214413,35.8,0,0,0,1229226,"12057","Hillsborough County"
"14",127.275576781899,1529.94646672111,0.471,227.215362153869,9417.97547975447,8298.87160325428,1827.37835863327,1009.303011208,44.6,1,0.25,0,618754,"12071","Lee County"
"15",125.510405845226,1233.54225579768,0.459,269.255756875767,9420.96997518841,8187.5768586235,1704.20771258201,885.750602837542,45,0,0,1,322833,"12081","Manatee County"
"16",140.064464576789,5106.79756961512,0.503,162.80127293412,9959.56233589098,7378.0691265745,2332.80770936813,1612.98315566106,37.7,0,0,0,2496435,"12086","Miami-Dade County"
"17",79.1853612568391,266.248470442622,0.429,70.3244771375125,5185.36705131353,8976.32103008975,NA,NA,42.2,0,0,1,73314,"12089","Nassau County"
"18",239.625211450164,681.089215492432,0.43,148.070036687976,8790.08085299355,8106.4251031401,2121.32189683782,799.834061747727,37.6,0,0,0,180822,"12091","Okaloosa County"
"19",339.80112786199,1914.21152698608,0.456,155.533494490607,9795.78622564915,6359.71189120699,2830.48869862923,949.052332282966,33.4,1,0.5,0,1145956,"12095","Orange County"
"20",177.038730365024,1972.56808661244,0.401,188.874835126155,9217.89456054488,7095.33468559838,2262.25193294151,1081.66210537335,35.2,0,0,0,268685,"12097","Osceola County"
"21",204.585964123766,2225.08688919742,0.505,301.51090232392,9895.74543190312,7348.65551527345,1909.8289599765,962.361757298674,43.1,0,0,0,1320134,"12099","Palm Beach County"
"22",155.307394734882,919.774639989135,0.429,241.285042736915,9053.36165286197,8818.30526127778,1766.25378308717,860.385194907241,43.4,0,0,0,464697,"12101","Pasco County"
"23",233.048701733599,1116.47752332393,0.464,375.349981432335,9971.59977393289,8214.48444261147,1803.0866223889,916.503360622851,45.6,0,0,0,916542,"12103","Pinellas County"
"24",163.045885375144,629.539817521481,0.482,234.520329524316,7622.64587795137,8934.69235262236,1712.54547081708,659.149175866117,41.8,0,0,0,190039,"12109","St. Johns County"
"25",168.427603187273,472.138421786009,0.403,103.897509436004,7901.06492614222,8781.01630420421,2035.40543842739,728.200811827154,38.7,1,1,0,151372,"12113","Santa Rosa County"
"26",114.912280701754,1155.82137161085,0.483,435.805422647528,9567.95133984103,9015.46456958529,1420.85833439721,952.859696157283,51.7,0,0,0,379448,"12115","Sarasota County"
"27",270.098003977668,1145.30467495747,0.443,190.952004408981,9684.2339337336,7822.33072639443,2265.28165251974,775.473378049504,37.7,0,0,0,422718,"12117","Seminole County"
"28",135.106530955362,767.276883720086,0.451,191.794022009745,9005.66728603114,8254.38289664431,1939.17095903851,1021.54361867386,44.4,0,0,0,494593,"12127","Volusia County"
"29",56.7627767570286,513.225829629554,0.429,48.243227985178,6477.23074772607,8273.21105863794,NA,NA,36.1,0,0,3,100157,"13015","Bartow County"
"30",147.273405952017,840.786686251412,0.41,115.181570948648,8289.72782323906,8655.91147023971,2012.80147903303,694.557270511779,35.7,0,0,0,214346,"13057","Cherokee County"
"31",362.222136929032,1520.75134115341,0.441,143.799398289347,9975.38069811853,6220.55929705644,2368.01243367999,753.733530258252,34.9,1,0.125,1,688078,"13067","Cobb County"
"32",87.7164110328484,540.122440918965,0.388,81.6272793101178,6706.72416095258,7586.88941775254,2007.25047969551,713.881287156742,36.1,0,0,0,127317,"13077","Coweta County"
"33",404.204438180197,1628.89880079548,0.472,107.576772288293,9973.69535462853,3326.46810995342,2715.99227825143,1030.00421690351,33.9,0,0,0,691893,"13089","DeKalb County"
"34",310.411603888214,884.815461725395,0.395,150.934082624544,8182.17647114022,7113.0837876641,1478.47885725097,535.805505628607,41.4,0,0,2,106567,"13113","Fayette County"
"35",109.591900636677,668.823713599833,0.458,29.4332533138503,6317.78398413572,7688.67385819741,NA,NA,37.2,0,0,3,96317,"13115","Floyd County"
"36",441.192718679748,1296.14806162921,0.529,155.403379099012,9892.23110188022,4450.41772532781,2735.4199117624,812.771391526058,34,0,0,0,920581,"13121","Fulton County"
"37",789.772011588361,2552.90981488955,0.408,234.183609203853,9951.44793194267,5334.05933782926,2272.23140290496,1031.29853509437,33.3,0,0,0,805321,"13135","Gwinnett County"
"38",107.419268748332,414.90335125243,0.459,66.8153570475428,7279.57668470151,5811.88834875907,3062.00036207373,805.423483339844,30.1,0,0,0,109233,"13185","Lowndes County"
"39",1583.06865432067,1954.56912818148,0.422,80.6844086985477,9913.71234160051,2084.87768134309,2231.03555641314,280.552729441482,37.5,0,0,0,953207,"15003","Honolulu County"
"40",1119.00397189123,1373.96883593034,0.422,81.4237702413688,8713.98548240449,3302.82750294376,1905.3639154777,538.047077237975,40.4,0,0,1,67091,"15007","Kauai County"
"41",184.28338034976,583.187556143918,0.435,159.461858908694,9452.77993704841,9031.05526741682,2331.52873917697,628.558544783565,34.4,0,0,0,392365,"16001","Ada County"
"42",503.664519042508,2101.12688406851,0.488,502.29970028116,9995.47036147593,5538.77191547113,2597.49161836765,803.649718543913,35.1,0,0,0,5194675,"17031","Cook County"
"43",238.824737181375,1786.64937090652,0.421,186.30080297954,9644.16644509955,7463.05327896691,2155.32446248098,580.169352635892,34.2,0,0,0,515269,"17089","Kane County"
"44",437.993685983083,1800.81442498985,0.468,384.707514139124,9873.26962934743,7508.63586092781,2011.0146526778,529.482084306778,36.1,0,0,0,703462,"17097","Lake County"
"45",180.918150628982,975.232805097206,0.386,249.305669008332,9012.14535561601,9012.08058038606,1876.49242109635,466.316704734219,37.1,0,0,0,308760,"17111","McHenry County"
"46",54.4029642263751,167.619943832615,0.396,61.7547161488583,6955.37270363704,9520.29942001657,NA,NA,38.4,0,0,1,70002,"18059","Hancock County"
"47",114.12003313623,350.858399748622,0.37,59.9165881109492,8215.3071888235,9014.69941147352,2021.41816551801,408.892250798454,36.5,0,0,1,145448,"18063","Hendricks County"
"48",77.1667906775796,188.176559537239,0.423,42.8437702517822,7846.45688321732,8855.85846867749,NA,NA,39.7,0,0,1,82752,"18067","Howard County"
"49",142.873950321338,318.469932497022,0.399,54.6347632983808,8610.35129677632,9390.35043750985,2079.71713275474,532.786885245902,36.4,0,0,2,139654,"18081","Johnson County"
"50",51.2002307616034,315.043673436275,0.418,83.7412224956507,6437.24151542609,8413.88034126692,1856.27741389823,609.940795814402,39.2,0,0,0,111467,"18091","LaPorte County"
"51",167.086431059871,793.758754444564,0.46,57.6670976547068,9939.98182407878,6274.71100617339,2652.75804448257,698.916083603642,34,0,0,0,903393,"18097","Marion County"
"52",147.079790786502,558.978245698291,0.445,110.985209476141,9099.84228133862,7866.15267615976,2419.30301392233,609.172938583725,35.9,0,0,0,266931,"18141","St. Joseph County"
"53",428.209206734176,824.448399136967,0.473,92.1303368663086,8146.34556317905,8563.66803685763,NA,NA,28.8,0,0,10,130882,"19103","Johnson County"
"54",58.8504046645201,337.111652597685,0.399,31.4376468540597,7358.03688357414,9291.52622426415,2203.13022468153,575.025078471346,38.2,0,0,1,93158,"19155","Pottawattamie County"
"55",322.479236787218,787.496141016663,0.427,94.1027204891308,9616.63349743375,8601.06692834527,2178.15520823923,384.065813514854,36.1,0,0,0,544179,"20091","Johnson County"
"56",283.487923838206,764.90929250416,0.444,44.6594791853091,9234.13562348881,7634.6051588695,2351.49799672339,656.884134373631,34.4,0,0,0,498365,"20173","Sedgwick County"
"57",501.676240998779,924.236721110787,0.416,129.455758142873,9588.28205848691,6596.32794884623,2466.06731130136,616.061055604211,33,0,0,0,291826,"2020","Anchorage Municipality"
"58",134.052051305142,1420.66871647091,0.431,37.5654500778325,9393.73353226882,5463.69956509317,2485.85302439397,935.675868573322,33.1,1,1,0,157505,"20209","Wyandotte County"
"59",293.981843114791,853.547188807304,0.481,106.823586592373,9693.3093984848,7572.57363853646,3058.05040587977,639.020677928916,33.5,0,0,1,295803,"21067","Fayette County"
"60",186.509873165061,574.773939889122,0.47,94.83831698316,9862.68985394605,7269.15271435819,2316.17827383061,579.613391246533,37.7,0,0,0,741096,"21111","Jefferson County"
"61",83.5019442951535,215.927412980936,0.502,34.5389017103474,8556.49118128086,4900.28199506607,2371.29334880155,904.288415297475,36.4,0,0,0,254969,"22017","Caddo Parish"
"62",300.706001359569,1066.0782935323,0.458,54.1739459281377,9885.74784072204,6290.9199356378,2335.00174601327,910.790362006751,38.6,0,0,0,432552,"22051","Jefferson Parish"
"63",37.8295678417236,218.489332271451,0.461,16.4521943245169,7578.33426773812,7936.7304138375,NA,NA,36.3,0,0,1,96318,"22057","Lafourche Parish"
"64",193.846622754288,601.893086340315,0.541,78.5342973737237,9940.81360211035,3298.96547411649,2918.94842645224,935.088266555756,35.8,0,0,7,343829,"22071","Orleans Parish"
"65",81.6972048196982,330.283886864662,0.441,51.8580653053378,7678.18944125952,8358.17575083426,1867.81522428363,734.211286864774,38.8,0,0,0,233740,"22103","St. Tammany Parish"
"66",58.2195786954135,279.759922973788,0.449,29.1547812941483,7937.15358483819,7025.8358662614,2320.65025326894,769.321384234802,35.1,0,0,0,111860,"22109","Terrebonne Parish"
"67",58.0263621364083,335.922582080421,0.414,49.8693016443892,5663.31173051568,9279.21487066164,2177.25809830321,394.012683056883,39.4,0,0,0,107702,"23001","Androscoggin County"
"68",263.329664908353,753.994155819513,0.406,134.643846533338,9469.5865014061,7541.17874626155,2093.31085096039,351.994474583857,38.1,0,0,0,537656,"24003","Anne Arundel County"
"69",398.676167893943,1027.32124199976,0.438,189.953640851106,9346.61981121177,6461.69268436292,2311.64575344845,439.385225632462,38.9,0,0,0,805029,"24005","Baltimore County"
"70",124.096933161093,346.753743840008,0.386,88.2134826084876,6049.39748943961,9290.8684049924,1812.71482834801,231.517989898929,39.9,0,0,0,167134,"24013","Carroll County"
"71",189.143365389961,488.492967924843,0.359,79.7014842403691,7049.62777463136,5027.3966059597,2020.50947818008,303.828713269452,36.6,0,0,0,146551,"24017","Charles County"
"72",174.401370178848,463.711669576101,0.39,114.620730542472,8224.28990385008,8118.54133139454,1995.62080447139,271.929932871542,38.7,0,0,0,244826,"24025","Harford County"
"73",1152.05388342852,3093.9792869736,0.453,344.140282719086,9761.62226519047,5745.74207868678,2110.35996959633,576.905599894248,38.2,0,0,0,971777,"24031","Montgomery County"
"74",311.071904081093,1940.32679631506,0.38,67.3084347893233,9803.32862338144,1923.27025086285,2632.41651144653,640.874985530327,34.6,0,0,0,863420,"24033","Prince George's County"
"75",119.670336354236,453.059424609209,0.462,147.497110881333,6840.62521433634,9250.4896394577,1907.97603591484,150.55764989285,43.8,0,0,6,131219,"25003","Berkshire County"
"76",254.593946512026,1453.39716873153,0.471,311.578186128579,9575.59553204631,8186.25623857075,2007.72331836556,197.57736557176,40,0,0,0,743159,"25009","Essex County"
"77",702.052259865048,1840.47081056931,0.461,422.300642585862,9697.22936493944,7999.62077992928,2416.44755748091,162.431749391015,38.3,0,0,3,1503085,"25017","Middlesex County"
"78",643.414587729222,1503.66196076891,0.47,409.197117555813,9875.9633301036,8226.0863084147,1983.4206776632,153.189678073756,40.2,0,0,3,670850,"25021","Norfolk County"
"79",632.001816994577,2765.73545694575,0.518,381.07202680067,9992.59026374506,5599.11526364119,3838.73087995802,272.582267988295,31.6,0,0,3,722023,"25025","Suffolk County"
"80",312.178365988723,1071.9260470667,0.433,228.286744416591,8160.97135815827,8557.50157785592,2114.01868447011,176.104748810798,38.6,0,0,0,798552,"25027","Worcester County"
"81",47.986242094752,154.868893080365,0.42,50.8524723547469,6968.85061844095,9413.57136892114,NA,NA,41.2,0,0,0,107771,"26017","Bay County"
"82",439.891244468928,824.658361914239,0.462,121.905709665381,8679.36417522562,7615.40789262892,3338.03974835573,314.698312839577,30.9,0,0,0,280895,"26065","Ingham County"
"83",179.95368949272,732.009635788547,0.441,127.821003883677,8432.46678680831,7991.64318594409,2444.14758163495,455.920047423834,34,0,0,0,602622,"26081","Kent County"
"84",417.401998829837,968.310069373963,0.404,416.040788546729,9719.46947482574,8537.35769544507,2037.65784690349,600.597576123812,39.3,0,0,0,840978,"26099","Macomb County"
"85",594.407020821521,1122.5754779109,0.458,287.516661629672,9521.33384122253,7725.7265282835,1955.50478495289,498.459054641722,39.5,0,0,0,1202362,"26125","Oakland County"
"86",55.6966913872278,225.984950428134,0.409,70.6617828975555,6135.42688910697,9387.38959764475,1814.51040206498,741.390276585628,40.2,0,0,0,163040,"26147","St. Clair County"
"87",634.138399230114,1108.36844048647,0.463,210.788290056317,8355.35150279445,7450.31047794171,3110.44371643678,325.169154243447,32.8,0,0,0,344791,"26161","Washtenaw County"
"88",369.6717533825,762.226777490133,0.469,147.933929367684,9930.43990280042,5228.73978899079,2177.92765956268,720.101308756169,36.5,0,0,0,1820584,"26163","Wayne County"
"89",227.969372053831,693.860977456464,0.371,147.98011870161,8649.93773500502,8699.02431357377,2125.90002811633,335.134408273535,36.4,0,0,0,330844,"27003","Anoka County"
"90",193.530924347002,565.931339378355,0.4,133.306266071187,8117.24259133147,9275.93857779926,NA,NA,35.9,0,0,1,91042,"27019","Carver County"
"91",299.481417458946,786.974426762926,0.395,105.470537393869,9506.91503241735,8518.31128685843,2123.00873603002,197.082623777195,36.1,0,0,0,398552,"27037","Dakota County"
"92",423.317806430496,1259.83482941817,0.476,138.175943800472,9777.50395904289,7435.05217259258,2625.43527987612,383.902221313888,35.9,0,0,0,1152425,"27053","Hennepin County"
"93",395.981422219705,941.98691625839,0.428,123.191073603127,8340.70489712162,8568.922966003,2299.71507584011,206.570015922232,36,0,0,0,144248,"27109","Olmsted County"
"94",651.444108977506,1302.86834170455,0.458,89.4630033411977,9981.28342245989,7009.81047499214,2734.70994751139,358.438043458906,34.7,0,0,0,508640,"27123","Ramsey County"
"95",142.637922759199,392.761294422249,0.424,33.3948501625802,6306.67410151219,9178.18403897983,2947.68814032076,296.559030199002,33.1,0,0,0,150642,"27145","Stearns County"
"96",67.818223974032,267.877844390712,0.368,54.0724056838131,6749.23817161187,9504.25020048115,NA,NA,34.1,0,0,0,124700,"27171","Wright County"
"97",62.3233275003365,282.272176605196,0.483,30.8251447031902,7036.45875036699,5968.71913950944,3046.2433244099,657.299324627322,30.8,0,0,4,74934,"28035","Forrest County"
"98",118.768274177431,272.882045967652,0.458,52.1854990932307,8600.23112648724,9116.63165851425,2822.50317451554,561.438377592521,35.6,0,0,0,275174,"29077","Greene County"
"99",276.56100230726,621.479327712931,0.476,191.444528712677,9886.20096621066,7026.8300642472,2095.21297639457,436.928757646152,39.4,0,0,0,998954,"29189","St. Louis County"
"100",103.905287649984,305.100597655003,0.437,93.9823897075596,6645.73860779998,9505.21153352027,3386.78897853962,558.661711696631,31.8,0,0,1,89513,"30031","Gallatin County"
"101",64.5609163484901,165.914612981604,0.429,43.8736549809094,8331.17076203606,9071.17562782148,2263.61404807943,646.110174023944,38.3,0,0,0,147972,"30111","Yellowstone County"
"102",198.043695417816,824.872167660644,0.461,73.8608828096411,9782.94753534064,7639.09032894355,2606.16149951836,508.371581368176,33.6,0,0,2,517110,"31055","Douglas County"
"103",635.999284629397,2207.53555354966,0.434,186.698010731614,9869.39268752796,6088.91956977741,2390.03795833497,899.862346617023,35.1,0,0,0,1951269,"32003","Clark County"
"104",384.382478611776,1533.48480297643,0.456,142.014901512436,9573.31036266602,7690.1902436362,2408.9573088026,959.02035990379,36.6,0,0,0,421407,"32031","Washoe County"
"105",192.742994250532,560.233600434605,0.438,187.876318529585,3128.43645503714,9356.80782782378,2487.95424866033,606.67807448102,40.4,0,0,3,89118,"33009","Grafton County"
"106",152.28857106008,467.454978651769,0.404,152.084931339474,7510.1872144108,9550.94962113386,1736.54831998477,513.489074121918,41.4,0,0,1,295223,"33015","Rockingham County"
"107",1232.9416541548,2838.41727999001,0.468,662.534217084113,9989.846605297,7189.1669134122,1912.40681280345,683.424622529359,40.8,1,0.0666667,1,905116,"34003","Bergen County"
"108",341.668508756065,930.02069838633,0.405,204.706370949915,9333.68097804044,7383.92900916801,1867.31830059034,340.425728018876,39.6,0,0,0,448734,"34005","Burlington County"
"109",384.014767102696,1006.53459871411,0.443,152.772531319732,9838.25782574753,6529.43501208005,2204.17440967196,558.325812497161,37.2,0,0,0,513657,"34007","Camden County"
"110",350.608038193199,2360.52771773095,0.523,359.060127652163,9998.5458608695,4258.68880019491,2308.59922467607,836.798086545306,36,0,0,0,783969,"34013","Essex County"
"111",1037.65654058763,4061.36728589041,0.488,376.260000032148,10000,5404.54635752192,3078.5717110206,1065.98125667286,34.1,0,0,0,634266,"34017","Hudson County"
"112",614.194185679595,1973.85064961791,0.476,376.984181426553,9651.744958569,6139.23653458404,2363.36052003566,528.701073625577,37.4,0,0,0,366513,"34021","Mercer County"
"113",1492.18532899727,2935.7401969252,0.407,399.721110251577,9932.56842557584,5860.15079186722,2402.19830775065,587.326158991862,36.9,0,0,0,809858,"34023","Middlesex County"
"114",383.689533076904,1297.25271926026,0.462,326.311231118017,9627.05035058219,8260.35089945747,1812.14790699159,453.663363176457,40.6,0,0,1,630380,"34025","Monmouth County"
"115",685.876797376947,1866.98542907366,0.449,442.578872258892,9323.06267215952,8261.28025741657,1767.82336442502,416.94524166721,40.5,0,0,0,492276,"34027","Morris County"
"116",153.782926512275,775.535939470366,0.426,278.533968885126,9710.16377975153,9098.28346055185,1804.61720056281,427.564418857259,42.4,0,0,0,576567,"34029","Ocean County"
"117",530.729296821469,2712.00957670635,0.463,410.83909037412,9758.99095418035,6264.6590559947,2368.41048055986,820.973171887931,36,0,0,0,501226,"34031","Passaic County"
"118",935.847213219476,2199.6135864749,0.445,390.359076490463,9420.73434659477,7006.0968823042,1773.78812843985,452.448661124487,39.7,0,0,0,323444,"34035","Somerset County"
"119",351.356914494842,2880.7452407435,0.481,564.576893080312,10000,6133.31991299145,2147.85910422661,732.125730352052,37.8,0,0,0,536499,"34039","Union County"
"120",179.955818767285,1096.81687976614,0.453,84.2968026576758,9580.44807746874,6937.59395318792,2487.45008427183,700.629805122334,35.7,0,0,0,662564,"35001","Bernalillo County"
"121",77.1337031234563,1290.24290412274,0.489,143.187816685721,7483.9425678019,7616.00887840744,1810.32296246195,938.169315747943,42.2,0,0,2,144170,"35049","Santa Fe County"
"122",356.409851594569,890.827281338806,0.449,230.896747710767,9030.3875031229,7819.52242574062,2645.43313999894,289.76879689246,38.1,0,0,1,304204,"36001","Albany County"
"123",265.831357941077,607.109420131073,0.452,195.065835341925,7394.31704885344,8795.81256231306,2459.30265021345,401.567488819967,39.8,0,0,0,200600,"36007","Broome County"
"124",271.077014506064,1109.86925632783,0.42,298.292768578298,7460.06561609208,8013.3316301834,2092.41943245274,353.115901639912,39.4,0,0,1,297488,"36027","Dutchess County"
"125",289.717432420401,835.601950156083,0.452,282.378715562666,9355.00252571392,7611.19858560021,2358.7448810783,333.143492528408,38.1,0,0,0,744344,"36055","Monroe County"
"126",611.421559074941,2069.78044260592,0.448,402.728798728146,9980.77686833909,7297.89956492267,1911.20161279411,428.92836686556,40.7,0,0,3,1339532,"36059","Nassau County"
"127",838.547505439434,2855.36001313675,0.601,532.695022247205,10000,5744.93039480463,3301.82993366459,486.298971217435,36.3,1,0.0064935,9,1585873,"36061","New York County"
"128",189.167506300631,1123.74088670749,0.408,243.975570028174,7765.93090906165,7719.74153261823,1918.12370746381,457.931057363724,36.2,0,0,0,372813,"36071","Orange County"
"129",530.182249125093,2212.91752465945,0.442,454.984433364652,9928.26136476658,7324.49540725151,1983.01999258937,399.755127027854,36.8,0,0,2,311687,"36087","Rockland County"
"130",127.632741733559,409.82399293026,0.408,167.077840783563,7003.82956827424,9434.17104190668,1921.28054510191,271.810325274379,40,0,0,1,219607,"36091","Saratoga County"
"131",242.777357308766,871.284286348096,0.422,194.300180076728,9184.3698901937,7963.12214416359,2186.27965261992,393.554946798521,39.7,0,0,0,154727,"36093","Schenectady County"
"132",274.783683226445,1400.13679152378,0.417,290.28402453074,9739.88683162018,8077.79154250511,1991.23328870925,468.337228676282,39.2,0,0,1,1493350,"36103","Suffolk County"
"133",145.255003227889,712.871070455515,0.43,241.380442275498,5395.98779131254,8667.94890762933,2126.07339563792,540.759315970316,41.2,0,0,2,182493,"36111","Ulster County"
"134",438.766624867203,2431.01491793751,0.535,533.730889519547,9672.65225531628,6811.31751435288,1955.78792118494,507.049408289391,39.7,0,0,16,949113,"36119","Westchester County"
"135",38.1394984018668,386.003098221464,0.438,94.907543580995,5703.94020347944,8302.35220746339,1744.08259346444,750.495820281366,46.6,0,0,0,107431,"37019","Brunswick County"
"136",125.24266133302,720.865933290194,0.432,37.0021765986234,8074.66954289342,7535.99496660319,1976.92654857272,769.26548572718,36.3,0,0,0,178011,"37025","Cabarrus County"
"137",354.941255636597,1391.41767667783,0.457,125.571394318155,9437.22976078808,4644.24654411463,3049.75861793048,736.262940708029,33.2,0,0,0,267587,"37063","Durham County"
"138",144.990072567925,889.911921373572,0.47,76.1540457565694,9265.34918869593,6231.41415005561,2285.65587459544,675.742602766548,37.2,0,0,0,350670,"37067","Forsyth County"
"139",62.4593005658941,699.067237758069,0.413,73.19019361466,4407.90735799369,6827.81353005808,2413.36052850078,631.204649651637,33.7,0,0,0,114678,"37085","Harnett County"
"140",39.9564337949276,794.087443597324,0.406,53.6486696748094,4796.30265635548,7422.45881642369,1998.17014121995,710.614963254297,36,0,0,0,168878,"37101","Johnston County"
"141",367.574009273178,1352.6764322393,0.477,141.38594704569,9893.45691953703,5534.25950493025,2643.77700155764,729.0325319447,33.8,0,0,0,919628,"37119","Mecklenburg County"
"142",133.623313456299,464.283392531042,0.401,51.1799157245268,7365.10811601377,7402.1780707873,2771.46290260207,657.767526655986,25.5,0,0,0,177772,"37133","Onslow County"
"143",416.720553620851,1266.16314696677,0.439,129.72843326522,9389.86207440013,6632.08260219558,2489.56660424227,533.411873232158,34.1,0,0,0,900993,"37183","Wake County"
"144",89.8403024096185,629.881267589216,0.429,45.3780952856738,5359.59811780824,5882.66475294194,2149.90438476248,936.013944593931,36.5,0,0,0,122623,"37191","Wayne County"
"145",31.958865389259,81.3885771913129,0.416,32.9531412013693,4533.52272727273,9404.26136363636,NA,NA,43.1,0,0,2,70400,"39013","Belmont County"
"146",244.182945916179,699.67731339246,0.485,313.481344076672,9941.82585722298,6359.57354064691,2132.84834652783,609.363732179509,39.7,0,0,0,1280122,"39035","Cuyahoga County"
"147",319.564076251603,889.575740261516,0.46,106.255537337539,9864.59678154122,6924.59434044975,2844.13420486214,578.834538538256,33.4,0,0,0,1163414,"39049","Franklin County"
"148",61.6454007748189,196.521286263173,0.44,72.8053440185361,8646.99429691203,8871.23055704952,1979.85285368552,658.174211975761,40.6,0,0,0,375586,"39151","Stark County"
"149",184.608303415263,418.061309030655,0.456,144.269538801436,9612.33413501027,8056.52099279967,2104.58680244445,572.410348691262,39.5,0,0,0,541781,"39153","Summit County"
"150",39.7123789829871,158.379546949901,0.418,92.7248801579096,7272.67107915858,8896.92456921146,1813.00255141488,643.652389052111,42,0,0,0,210312,"39155","Trumbull County"
"151",242.421057266595,978.121453418425,0.49,47.5410604483092,9372.46132587844,6462.08843735258,2550.36066799846,792.513626094621,34.4,0,0,0,718633,"40109","Oklahoma County"
"152",272.14300756249,1590.87383143938,0.452,155.826742478162,9763.62003050994,7300.74818246336,2400.34690361382,683.859178847207,34.1,0,0,0,3817117,"4013","Maricopa County"
"153",181.532393850349,747.969078790078,0.478,58.6682311528307,9522.06071232659,6917.64873558799,2415.05595116989,793.105748544936,35.3,0,0,0,603403,"40143","Tulsa County"
"154",204.995116448341,1321.88722832004,0.458,138.429507849972,9247.65088552766,7434.23958672315,2340.94992256066,603.118224057821,37.3,0,0,0,980263,"4019","Pima County"
"155",106.13519102816,1050.75357504016,0.396,86.5480098512893,7809.53774915507,7238.81629720308,2047.73887006762,649.816551161843,35.7,0,0,1,375770,"4021","Pinal County"
"156",251.728168128288,847.065555672521,0.44,205.166824570354,8192.14238600821,8818.56528862316,1871.63682353724,630.366770951208,39.8,0,0,0,375992,"41005","Clackamas County"
"157",72.7188033745665,465.490916619223,0.43,91.2866828839087,7235.64504574186,9216.46072793899,2033.66879215751,774.077064406823,39.7,0,0,1,157733,"41017","Deschutes County"
"158",60.5359624658378,266.208993647921,0.414,62.4947532390005,5882.21089098795,9238.76396667503,1719.77872324439,851.671315732627,45.3,0,0,0,107667,"41019","Douglas County"
"159",86.0474507321013,573.068045287082,0.442,105.290971000115,7994.74424967767,8866.47047823391,2013.08272990317,995.34957590316,41.7,0,0,0,203206,"41029","Jackson County"
"160",81.4792543595911,485.267588695129,0.44,99.6692723992784,6241.94034347695,8589.78608014462,1885.30310314346,902.873625606749,41.4,0,0,1,66380,"41035","Klamath County"
"161",57.7352053536281,422.079342168569,0.405,57.647727769759,6836.1732035107,9056.92882611081,2083.47591021079,809.095264166438,39,0,0,6,116672,"41043","Linn County"
"162",152.665104842301,1414.41912395852,0.422,118.395322271486,8690.63059920402,7822.03053895064,2264.31344361233,730.541714019291,35,0,0,0,315335,"41047","Marion County"
"163",469.161671600874,1373.52605767124,0.468,303.032430944503,9865.77528034879,7648.5107447772,2828.1875740795,749.718737425305,35.8,0,0,0,735334,"41051","Multnomah County"
"164",136.009220964133,706.624177910367,0.41,75.93735168486,8007.37371192128,8594.88349269923,NA,NA,37.2,0,0,1,75403,"41053","Polk County"
"165",51.0667878723063,1018.52842094006,0.408,28.0733650606919,7093.38639328493,7905.6253211928,NA,NA,35.6,0,0,2,75889,"41059","Umatilla County"
"166",658.2214781338,1676.38605285823,0.417,176.652182748977,9440.99601668838,7657.81276547545,2366.70907605058,640.350095468516,34.9,0,0,1,529710,"41067","Washington County"
"167",293.59774844708,813.23381375239,0.425,289.214733992766,9117.03977135509,8918.79875057777,1789.4250787813,305.387911829751,41,0,0,0,625249,"42017","Bucks County"
"168",282.976368354428,831.500435207136,0.447,173.328631329614,8672.34197792682,8553.19652185068,1957.13222666269,320.727669401915,38.8,0,0,0,498886,"42029","Chester County"
"169",216.957153231663,476.752429366808,0.409,128.644050212678,7782.21455697816,9087.87371604802,2331.4897058124,270.360264133156,39.9,0,0,1,235406,"42041","Cumberland County"
"170",350.58619722967,851.04624165271,0.461,181.663635644817,9953.6118530392,7249.52100168343,2245.32721709214,368.460051488026,38.5,0,0,1,558979,"42045","Delaware County"
"171",180.033317467872,928.783912422656,0.4,267.253688719657,6164.61181568752,7722.58922999023,2024.00735424106,573.253662388478,39.3,0,0,1,169842,"42089","Monroe County"
"172",460.849313786137,925.632861351782,0.454,207.704773073143,9706.62879403506,8114.04046137267,1985.66968095478,304.788337211982,40.2,0,0,2,799874,"42091","Montgomery County"
"173",206.324523997067,644.91267620936,0.419,186.598582176712,8723.15985691974,8628.31041026416,2052.88760618824,436.344847044746,40.2,0,0,0,297735,"42095","Northampton County"
"174",460.055151333931,1145.65267949101,0.494,226.054021728297,10000,4103.66014288279,2933.84634956309,627.738125843137,33.7,0,0,0,1526006,"42101","Philadelphia County"
"175",44.3022991782093,141.264910356689,0.435,63.2406866131689,6917.52478106053,9414.7339043403,1926.9930151226,421.417707293917,43,0,0,0,207820,"42125","Washington County"
"176",259.415384468494,1754.38763997562,0.462,338.010193932971,9449.1173142993,7340.94822289988,2559.53626347605,601.209620521704,36.7,0,0,0,626667,"44007","Providence County"
"177",103.027152677596,561.480460468295,0.498,115.613519685545,8911.90688988575,6422.16505001299,2806.05930929194,731.275010987486,35.7,0,0,0,350209,"45019","Charleston County"
"178",38.1732178916213,329.036541174518,0.432,40.2478492987746,5004.56609090435,7154.9339873715,2017.16569481753,876.236650723973,38.8,0,0,1,76652,"45057","Lancaster County"
"179",138.334166166368,568.687155557633,0.447,117.087936383539,7256.76821182736,7234.4332007302,2161.75259312612,828.017528783789,37.7,0,0,0,284307,"45083","Spartanburg County"
"180",121.89458320014,534.321678659099,0.422,102.654418904818,8636.37972950646,8805.20216206009,2548.06564711967,355.718864826831,34.8,0,0,1,169468,"46099","Minnehaha County"
"181",90.5823001981169,213.026694716203,0.454,47.8952635771328,7919.8201054008,8355.7871379324,2120.27132259519,669.187261773023,36.7,1,1,0,100948,"46103","Pennington County"
"182",306.15907741106,1147.32967413083,0.487,84.5510732862989,9658.80567625315,6144.09883178204,2978.08180659049,766.482277824373,34,0,0,2,626681,"47037","Davidson County"
"183",123.996838521401,460.238326848249,0.48,77.0610408560311,8997.77984503497,7392.07580031088,2294.31023750239,665.311961310094,39.1,0,0,0,336463,"47065","Hamilton County"
"184",156.059733615262,404.910465654115,0.475,70.419211418107,8907.86301610731,8555.57046545094,2497.62885559789,512.565308927915,37.1,0,0,0,432226,"47093","Knox County"
"185",212.720094843863,633.450025347581,0.402,45.1466367551903,8297.85532588993,7822.31039892766,2807.180001301,530.8471437263,32,0,0,0,262604,"47149","Rutherford County"
"186",180.720410622784,596.285233706443,0.495,51.2303077069804,9724.02128402706,4056.189658964,2402.81385753891,742.85620729551,34.2,0,0,0,927644,"47157","Shelby County"
"187",48.5190771106761,167.249622950294,0.465,42.1653884414209,7443.86984052084,9514.420716349,1769.39439926327,684.721843910918,42.9,0,0,0,156823,"47163","Sullivan County"
"188",225.869390565821,588.316308963618,0.442,103.064386548835,8061.38157679248,8937.99609131902,NA,NA,37.9,0,0,4,183182,"47187","Williamson County"
"189",195.019155787966,829.213170494996,0.424,147.715048746305,8481.37702064564,6142.21477267233,2537.81697435825,496.764626583985,29.5,0,0,0,310235,"48027","Bell County"
"190",177.788336367581,1263.66320576564,0.463,73.8158555003115,9546.09152348445,7291.06418167303,2499.50173337292,836.588179509253,32.7,0,0,0,1714773,"48029","Bexar County"
"191",841.399941793176,1715.59875193741,0.424,132.765703997997,9475.72733628942,7158.46414798662,2121.91868693554,633.801024304318,34.6,0,0,0,782341,"48085","Collin County"
"192",389.10579600123,2299.9301167507,0.492,69.3059154317897,9931.16958083964,5353.82847037273,2619.9018247513,1135.84231314037,32.3,0,0,0,2368139,"48113","Dallas County"
"193",89.6824985756461,2690.03470243953,0.47,55.8735173771171,9782.56335188916,8205.77607859643,2333.11675075167,1342.68460480049,31.2,0,0,0,800647,"48141","El Paso County"
"194",1215.66543600076,2449.78163521734,0.425,123.91532575745,9446.42323297032,5061.88340807175,2012.63455925577,784.946844702209,34.6,0,0,1,585375,"48157","Fort Bend County"
"195",70.6128425015687,884.501150386948,0.459,35.7247437774524,8663.76406801939,6730.30477285796,2441.48042728183,1024.43383502817,35.4,0,0,0,121730,"48183","Gregg County"
"196",491.933812182691,2499.86648946254,0.488,96.3224743919196,9878.67196714738,5664.70183329876,2624.88157681344,1083.44648715183,32,0,0,0,4092459,"48201","Harris County"
"197",171.959496583021,1213.41915331867,0.46,132.821468400835,7727.44028472,8350.98936688419,2065.10130549104,776.145457097305,35.8,0,0,0,455746,"48339","Montgomery County"
"198",354.924568347387,1555.88825790168,0.448,82.5962255492457,9871.17986726618,6663.9432979148,2430.26722706805,818.365545308674,33.2,0,0,0,1809034,"48439","Tarrant County"
"199",427.942089103737,1790.82220081003,0.487,110.042543114711,9453.64778290015,6929.97717389819,3147.86749745056,741.069642395351,31.6,0,0,0,1024266,"48453","Travis County"
"200",108.884603370771,472.274659459753,0.384,78.8029823584534,9908.05242773567,9004.07532000561,2447.15738056862,239.076128168177,28.7,0,0,0,306479,"49011","Davis County"
"201",233.53380226065,1203.95338722498,0.419,138.208577670461,9909.66877255003,8119.94308773327,2771.58530806845,614.661644953129,30.4,0,0,0,1029655,"49035","Salt Lake County"
"202",88.8494002665482,748.75812770082,0.394,63.3612894830132,9419.90001556851,8523.80252209863,2636.33320726995,525.553918180514,30.6,0,0,0,231236,"49057","Weber County"
"203",234.215951760821,678.993595253637,0.437,221.871788740314,7401.38618288671,9246.67028649909,2846.26926222383,236.00852592874,36.2,0,0,0,156545,"50007","Chittenden County"
"204",773.141841421605,2311.98124243544,0.429,275.387786313663,10000,7174.88573258777,3743.815121691,537.662299526744,33.9,0,0,2,207627,"51013","Arlington County"
"205",260.276768848438,773.378089834852,0.387,100.92893501343,9407.1199989881,6828.88728670993,2041.8128468457,437.105313516617,36.9,0,0,0,316236,"51041","Chesterfield County"
"206",1471.44543819393,2876.28486468031,0.414,220.723014742207,9860.60240763373,6267.668522343,2218.6859801483,534.231808445604,37.3,0,0,0,1081726,"51059","Fairfax County"
"207",101.036582906466,309.462348243456,0.393,82.7854636389304,6091.44528003365,8666.87361685509,NA,NA,40.4,0,0,1,99863,"51085","Hanover County"
"208",211.070729661728,728.263908303047,0.416,252.073432112571,8414.83979763912,8027.57838499306,NA,NA,44.3,0,0,10,67009,"51095","James City County"
"209",1141.59634908607,2174.7076148711,0.367,210.352713670012,8739.90989750601,6867.22529786015,1962.58181026423,367.361707032801,34.3,0,0,0,312311,"51107","Loudoun County"
"210",588.774824400722,2131.1756256342,0.366,128.223712821053,9583.38515728778,5781.09064134009,2122.04711266105,578.186832799616,33.3,0,0,0,402002,"51153","Prince William County"
"211",189.248993444914,607.593251921605,0.378,113.965327920673,6767.24102714936,7553.4531075108,2101.90401776535,515.03063700292,35.7,0,0,0,122397,"51177","Spotsylvania County"
"212",652.165780002544,2401.92447267803,0.458,188.930540902527,10000,6086.19236100196,3334.99959568634,707.254857277278,35.7,0,0,0,139966,"51510","Alexandria city"
"213",450.944504078019,894.228387416398,0.4,164.152882136533,9846.55040936634,6773.38045726654,2441.65903103883,428.883671209865,34.6,0,0,0,437994,"51810","Virginia Beach city"
"214",324.915143099591,1011.53282419193,0.416,366.644488158605,8623.15246036914,8543.22073146936,2106.00213907775,547.914870359638,36.2,0,0,0,425363,"53011","Clark County"
"215",59.7824810316882,1704.79904160109,0.427,131.192595898616,6125.11220825853,7282.98922800718,NA,NA,32.2,1,1,1,89120,"53025","Grant County"
"216",85.862509016257,546.523886145481,0.429,75.0430006103312,5988.70832589255,8492.79503276234,1914.31763492609,838.776211756617,41.6,0,0,1,72797,"53027","Grays Harbor County"
"217",319.967443694123,687.751961644602,0.39,144.850126537204,5310.42213334013,8612.20798410313,1821.4176209457,441.256848812872,42.4,0,0,3,78506,"53029","Island County"
"218",1003.28918485581,1984.07398085025,0.456,314.178084269331,9679.28527082732,6865.22038328563,2545.2597811647,502.337832977478,36.9,32,0.097561,16,1931249,"53033","King County"
"219",328.055762202025,651.38111718472,0.416,118.866642947246,8325.82735044777,8257.33774533813,1943.8381044423,607.983137267971,38.9,0,0,1,251133,"53035","Kitsap County"
"220",396.508922536768,936.958990955447,0.413,187.522119484183,9340.92866798705,7419.78685277752,2267.42598587978,577.09560400983,35.6,0,0,2,795225,"53053","Pierce County"
"221",152.997023370447,1056.57331794396,0.42,171.394850344091,7097.88624562664,8335.94237859385,2029.10899951801,642.859602010604,39.9,0,0,2,116901,"53057","Skagit County"
"222",620.106911507752,1364.15165819432,0.395,237.994062392415,8918.05392978054,7836.58449396146,2258.0100486541,604.338146717161,36.7,4,0.0300752,18,713335,"53061","Snohomish County"
"223",347.712912059713,706.634423126665,0.407,132.532445404269,7901.12739035296,8239.62198331906,2213.87829627715,492.583376421923,38.3,0,0,0,252264,"53067","Thurston County"
"224",279.601822514069,1081.16106187466,0.438,231.232748108351,7412.6479069305,8542.10997315303,2723.7138420209,487.748855278204,36.2,0,0,0,201140,"53073","Whatcom County"
"225",66.4152666334097,1804.75348986649,0.437,25.915059482037,7648.07939777413,6374.84531165847,2282.91599770524,1029.38202409499,32.3,0,0,0,243231,"53077","Yakima County"
"226",327.515761447458,737.376189957886,0.439,101.643544295319,8767.00821393521,8474.77733863582,2908.98147308361,264.237362202452,34.3,0,0,1,488073,"55025","Dane County"
"227",61.7326767011167,289.340956608765,0.407,57.3727444782449,6487.06620881013,9413.67469227515,2093.26045194383,374.606381082526,39.8,0,0,5,101633,"55039","Fond du Lac County"
"228",221.295285063395,856.811317213017,0.451,156.119349499155,9980.79631964632,6063.46710842166,2682.99039532457,521.50760108631,33.7,0,0,0,947735,"55079","Milwaukee County"
"229",88.8382220031222,489.894010352477,0.423,91.1490428066716,8772.20994022763,7969.53041840662,1988.65423735923,385.042887402219,38.4,0,0,0,195408,"55101","Racine County"
"230",247.381381798002,511.757769145394,0.388,58.6154273029967,7171.5134147714,8991.7494177842,1906.64753197973,316.785372594876,39.4,0,0,2,115507,"55117","Sheboygan County"
"231",181.778157615311,438.168492476627,0.417,144.122445808406,9013.95518234584,9334.99362642379,1738.69564880348,208.451228304095,41.3,0,0,0,389891,"55133","Waukesha County"
"232",1780.66009012301,3081.49636666261,0.456,197.912015047565,9961.1394246463,4298.04982019783,2501.18790964556,586.024317993249,36.2,0,0,0,1510271,"6001","Alameda County"
"233",990.340639084942,2360.56670072179,0.453,219.465285726413,9920.72638878959,5857.93474893353,2049.29823990879,520.375623855826,38.1,0,0,2,1049025,"6013","Contra Costa County"
"234",554.020003741074,2173.06867070849,0.459,71.2344442855099,8919.4798215917,5536.51458971465,2586.20484063121,827.993578201441,30.4,0,0,0,930450,"6019","Fresno County"
"235",128.966315441386,539.088217168453,0.473,114.837138691398,7024.13406327299,8165.02380722462,2783.40436012449,744.176673856419,37.1,0,0,0,134623,"6023","Humboldt County"
"236",106.871682574441,3190.32204317711,0.469,19.7557898745626,8258.21644664466,5876.01989365603,2300.8146837039,1001.62451810004,31.6,0,0,1,174528,"6025","Imperial County"
"237",1176.52580543081,3563.98008004709,0.489,183.435441742869,9939.47816415876,5027.8007924751,2583.64677338868,1088.29783700734,34.3,1,0.025,0,9818605,"6037","Los Angeles County"
"238",149.927574489976,2056.4783603406,0.441,82.713993691535,6707.51996818348,6260.96178702814,NA,NA,33.2,0,0,0,150865,"6039","Madera County"
"239",442.476096234528,1884.34479346423,0.498,479.161387122337,9348.00264649834,8001.41833294375,1497.33382759702,406.178839267892,44,0,0,1,252409,"6041","Marin County"
"240",1293.06952394601,3045.11680056651,0.455,176.56570084555,9985.6655566747,6081.78372962615,2379.19259047888,785.368169247714,35.7,0,0,0,3010232,"6059","Orange County"
"241",412.361023190292,1011.03492957914,0.422,191.276075333529,8621.28047940488,8351.0412361666,1874.32348073101,384.950202454655,39.8,1,0.25,1,348432,"6061","Placer County"
"242",393.431696393017,2237.18916274466,0.439,123.647523731147,9537.76897674094,6097.56119838823,2317.60266720835,925.443529768343,33.4,0,0,0,2189641,"6065","Riverside County"
"243",860.90038017581,1962.30639991284,0.431,305.896738974615,9793.7887831022,5745.40382354517,2437.79064615983,589.616911569253,34.6,1,0.0588235,1,1418788,"6067","Sacramento County"
"244",799.51218672952,2310.97897479808,0.452,188.488347932881,9670.29505578273,6401.4269316221,2562.12410835004,737.403675163011,34.5,0,0,0,3095313,"6073","San Diego County"
"245",2266.83156523546,3561.47962674803,0.507,456.047604324533,10000,4848.11266276304,3059.78023622735,563.291218179777,38.3,0,0,2,805235,"6075","San Francisco County"
"246",870.232611306492,2330.43305280629,0.437,96.0937511597906,9152.71426195014,5096.8034717338,2324.3536704576,788.426366121637,32.3,0,0,1,685306,"6077","San Joaquin County"
"247",1673.85319602969,3396.5047485046,0.467,345.23736843824,9810.89872517402,5338.35988814825,2150.55084858193,509.21898064035,39,0,0,3,718451,"6081","San Mateo County"
"248",2260.27885541878,3699.15763862858,0.45,301.66218618417,9891.63367275805,4695.7581826203,2395.23073501363,568.665598792238,35.8,2,0.0253165,4,1781642,"6085","Santa Clara County"
"249",217.437845707101,1839.5023764018,0.467,213.078189652823,8796.06832785786,7249.27777057877,2634.923462374,697.648302541444,36.6,0,0,2,262382,"6087","Santa Cruz County"
"250",174.329870100505,510.157936983483,0.453,117.52003889071,7071.37335447431,8674.15628896927,2053.79567824415,699.796357053965,41.3,0,0,0,177223,"6089","Shasta County"
"251",930.368108632774,1990.74728930207,0.404,118.621994820043,9628.15475729659,5098.68293721452,2244.18260376468,577.398844800851,36.5,0,0,1,413344,"6095","Solano County"
"252",285.921016270539,1658.65409969897,0.441,185.002752891591,8764.64728712609,7675.73644596365,2206.63455949514,612.347421738769,39.5,0,0,0,483878,"6097","Sonoma County"
"253",465.83948422742,2036.975996798,0.441,112.893922092599,9201.92903919308,6557.29483548546,2407.5246255856,760.511540129643,32.5,0,0,0,514453,"6099","Stanislaus County"
"254",222.191688945608,2311.87879013703,0.445,61.8298851431286,8452.00699264325,6007.02430463681,2483.79825622703,867.936777447627,29.4,0,0,0,442179,"6107","Tulare County"
"255",502.410144855886,2286.6836406783,0.435,183.195728481732,9687.54478828351,6872.24134538538,2240.50713573209,681.368668462344,36,0,0,0,823318,"6111","Ventura County"
"256",717.856815566801,2044.46639310043,0.456,238.267368571109,9307.04160837246,6317.33292174718,3320.44458672642,535.074731387183,30.1,0,0,0,200849,"6113","Yolo County"
"257",230.832530035502,1512.07297862836,0.403,106.152869536595,9637.95535809313,7332.26450001472,2566.1618618523,861.684087054962,32.2,0,0,0,441603,"8001","Adams County"
"258",401.566400173642,1490.68480266252,0.463,202.908512100713,9842.46586119304,7271.11571093159,2293.15056456219,647.546241377795,35.5,0,0,1,572003,"8005","Arapahoe County"
"259",280.096248488549,1664.62833448945,0.511,162.518790424279,10000,6893.118145555,3083.12154483387,714.32159037258,33.8,0,0,2,600158,"8031","Denver County"
"260",245.318899941486,591.866588648332,0.375,121.67203042715,8971.25742210078,9023.80326835164,1690.6922505726,281.230063413597,35.8,0,0,1,285465,"8035","Douglas County"
"261",201.204024080482,719.731061287892,0.43,179.536924071815,9106.56748030977,7975.05234924783,2282.88488721239,629.06800712607,34.3,1,0.5,0,622263,"8041","El Paso County"
"262",197.213846019969,637.516221666471,0.426,153.590332454305,9310.36418024369,8842.95557139463,2067.81290650981,582.508530814622,39.7,0,0,1,534543,"8059","Jefferson County"
"263",141.673707420611,529.327316064596,0.45,114.128904183925,8833.96188632647,9053.39919233722,2786.75883895106,482.027075049785,35,0,0,0,299630,"8069","Larimer County"
"264",50.7539489516397,338.573001203246,0.455,66.4345510867617,8584.6488498268,7935.78644939427,2116.65086807433,704.129476356187,38.4,0,0,0,159063,"8101","Pueblo County"
"265",72.428559664004,948.941777155563,0.421,67.6109692827143,7953.99980223475,8290.08207257985,2452.83545434249,643.678435875355,32.7,0,0,0,252825,"8123","Weld County"
"266",351.83389260633,2013.90192877388,0.537,517.406681673887,9541.5939068245,7481.22059838858,1952.03712403172,528.905234924138,39.1,0,0,0,916829,"9001","Fairfield County"
"267",322.891609683145,1421.38976729101,0.458,469.62980981468,9459.13598668477,7239.67409906333,2103.23225038024,406.644923422752,39.5,0,0,0,894014,"9003","Hartford County"
"268",120.948208681733,634.964931864614,0.428,277.491101329009,5855.14434493253,9386.132566723,1669.28582046762,390.377795238803,43.4,0,0,1,189927,"9005","Litchfield County"
